Reference,Team,Round,ReviewType,Score,ReviewOutcome,ReviewStatus
II-LA-0417-20001,I4I,i4i Call 14 A Stage 2,Public,7,Reviewed,Complete
II-LA-0417-20001,I4I,i4i Call 14 A Stage 2,Committee Review Lead Assessors 1,0,Declined,Complete
II-LA-0417-20001,I4I,i4i Call 14 A Stage 2,Committee Review Lead Assessors 2,,Reviewed,Complete
II-LA-0417-20001,I4I,i4i Call 14 A Stage 2,Committee Review Lead Assessors 3,0,Declined,Complete
II-LA-0417-20001,I4I,i4i Call 14 A Stage 2,Peer,8,Reviewed,Complete
II-LA-0417-20001,I4I,i4i Call 14 A Stage 2,Peer,6,Reviewed,Complete
II-LA-0417-20001,I4I,i4i Call 14 A Stage 2,Peer,6,Reviewed,Complete
II-LA-0417-20001,I4I,i4i Call 14 A Stage 2,Committee Review Lead Assessors 4,,NULL,In Progress
II-LA-0417-20001,I4I,i4i Call 14 A Stage 2,Committee Review Lead Assessors 1,,NULL,In Progress
II-LA-0417-20001,I4I,i4i Call 14 A Stage 2,Committee Review Lead Assessors 3,,Reviewed,Complete
II-LA-0417-20002,I4I,i4i Call 14 A Stage 2,Public,9,Reviewed,Complete
II-LA-0417-20002,I4I,i4i Call 14 A Stage 2,Committee Review Lead Assessors 1,0,Declined,Complete
II-LA-0417-20002,I4I,i4i Call 14 A Stage 2,Committee Review Lead Assessors 2,0,Declined,Complete
II-LA-0417-20002,I4I,i4i Call 14 A Stage 2,Committee Review Lead Assessors 3,0,Declined,Complete
II-LA-0417-20002,I4I,i4i Call 14 A Stage 2,Peer,6,Reviewed,Complete
II-LA-0417-20002,I4I,i4i Call 14 A Stage 2,Peer,,Closed,Complete
II-LA-0417-20002,I4I,i4i Call 14 A Stage 2,Peer,8,Reviewed,Complete
II-LA-0417-20002,I4I,i4i Call 14 A Stage 2,Peer,5,Reviewed,Complete
II-LA-0417-20002,I4I,i4i Call 14 A Stage 2,Committee Review Lead Assessors 4,0,Declined,Complete
II-LA-0417-20002,I4I,i4i Call 14 A Stage 2,Committee Review Lead Assessors 4,,NULL,In Progress
II-LA-0417-20002,I4I,i4i Call 14 A Stage 2,Peer,9,Reviewed,Complete
II-LA-0417-20002,I4I,i4i Call 14 A Stage 2,Committee Review Lead Assessors 2,,NULL,In Progress
II-LA-0417-20002,I4I,i4i Call 14 A Stage 2,Committee Review Lead Assessors 3,,Reviewed,Complete
II-LA-0417-20002,I4I,i4i Call 14 A Stage 2,Committee Review Lead Assessors 1,,NULL,In Progress
II-LA-0417-20003,I4I,i4i Call 14 A Stage 2,Public,8,Reviewed,Complete
II-LA-0417-20003,I4I,i4i Call 14 A Stage 2,Committee Review Lead Assessors 1,,Reviewed,Complete
II-LA-0417-20003,I4I,i4i Call 14 A Stage 2,Committee Review Lead Assessors 2,0,Declined,Complete
II-LA-0417-20003,I4I,i4i Call 14 A Stage 2,Committee Review Lead Assessors 3,0,Declined,Complete
II-LA-0417-20003,I4I,i4i Call 14 A Stage 2,Peer,8,Reviewed,Complete
II-LA-0417-20003,I4I,i4i Call 14 A Stage 2,Peer,,Withdrawn,Complete
II-LA-0417-20003,I4I,i4i Call 14 A Stage 2,Peer,9,Reviewed,Complete
II-LA-0417-20003,I4I,i4i Call 14 A Stage 2,Committee Review Lead Assessors 4,0,Closed,Complete
II-LA-0417-20003,I4I,i4i Call 14 A Stage 2,Committee Review Lead Assessors 2,,NULL,In Progress
II-LA-0417-20003,I4I,i4i Call 14 A Stage 2,Committee Review Lead Assessors 3,0,Declined,Complete
II-LA-0417-20003,I4I,i4i Call 14 A Stage 2,Committee Review Lead Assessors 4,,NULL,In Progress
II-LA-0417-20003,I4I,i4i Call 14 A Stage 2,Peer,9,Reviewed,Complete
II-LA-0417-20003,I4I,i4i Call 14 A Stage 2,Peer,8,Reviewed,Complete
II-LA-0417-20003,I4I,i4i Call 14 A Stage 2,Committee Review Lead Assessors 3,,NULL,In Progress
II-LA-0417-20004,I4I,i4i Call 14 A Stage 2,Public,6,Reviewed,Complete
II-LA-0417-20004,I4I,i4i Call 14 A Stage 2,Committee Review Lead Assessors 1,,NULL,In Progress
II-LA-0417-20004,I4I,i4i Call 14 A Stage 2,Committee Review Lead Assessors 2,0,Declined,Complete
II-LA-0417-20004,I4I,i4i Call 14 A Stage 2,Committee Review Lead Assessors 3,0,Declined,Complete
II-LA-0417-20004,I4I,i4i Call 14 A Stage 2,Peer,9,Reviewed,Complete
II-LA-0417-20004,I4I,i4i Call 14 A Stage 2,Peer,,NULL,Invited
II-LA-0417-20004,I4I,i4i Call 14 A Stage 2,Peer,8,Reviewed,Complete
II-LA-0417-20004,I4I,i4i Call 14 A Stage 2,Committee Review Lead Assessors 4,0,Closed,Complete
II-LA-0417-20004,I4I,i4i Call 14 A Stage 2,Committee Review Lead Assessors 4,,NULL,In Progress
II-LA-0417-20004,I4I,i4i Call 14 A Stage 2,Committee Review Lead Assessors 2,,NULL,In Progress
II-LA-0417-20004,I4I,i4i Call 14 A Stage 2,Committee Review Lead Assessors 3,,NULL,In Progress
II-LA-0417-20004,I4I,i4i Call 14 A Stage 2,Peer,8,Reviewed,Complete
II-LA-0417-20005,I4I,i4i Call 14 A Stage 2,Public,5,Reviewed,Complete
II-LA-0417-20005,I4I,i4i Call 14 A Stage 2,Committee Review Lead Assessors 1,,Withdrawn,Complete
II-LA-0417-20005,I4I,i4i Call 14 A Stage 2,Committee Review Lead Assessors 2,,Withdrawn,Complete
II-LA-0417-20005,I4I,i4i Call 14 A Stage 2,Committee Review Lead Assessors 3,,Withdrawn,Complete
II-LA-0417-20005,I4I,i4i Call 14 A Stage 2,Peer,7,Reviewed,Complete
II-LA-0417-20005,I4I,i4i Call 14 A Stage 2,Peer,,Closed,Complete
II-LA-0417-20005,I4I,i4i Call 14 A Stage 2,Peer,,Closed,Complete
II-LA-0417-20005,I4I,i4i Call 14 A Stage 2,Peer,,Withdrawn,Complete
II-LA-0417-20005,I4I,i4i Call 14 A Stage 2,Peer,6,Reviewed,Complete
II-LA-0417-20005,I4I,i4i Call 14 A Stage 2,Committee Review Lead Assessors 4,,Withdrawn,Complete
II-LA-0417-20005,I4I,i4i Call 14 A Stage 2,Peer,4,Reviewed,Complete
II-LA-0417-20005,I4I,i4i Call 14 A Stage 2,Peer,8,Reviewed,Complete
II-LA-0417-20006,I4I,i4i Call 14 A Stage 2,Public,,Withdrawn,Complete
II-LA-0417-20006,I4I,i4i Call 14 A Stage 2,Committee Review Lead Assessors 1,0,Declined,Complete
II-LA-0417-20006,I4I,i4i Call 14 A Stage 2,Committee Review Lead Assessors 2,0,Declined,Complete
II-LA-0417-20006,I4I,i4i Call 14 A Stage 2,Committee Review Lead Assessors 3,0,Declined,Complete
II-LA-0417-20006,I4I,i4i Call 14 A Stage 2,Peer,5,Reviewed,Complete
II-LA-0417-20006,I4I,i4i Call 14 A Stage 2,Peer,,Withdrawn,Complete
II-LA-0417-20006,I4I,i4i Call 14 A Stage 2,Peer,9,Reviewed,Complete
II-LA-0417-20006,I4I,i4i Call 14 A Stage 2,Peer,8,Reviewed,Complete
II-LA-0417-20006,I4I,i4i Call 14 A Stage 2,Peer,,Withdrawn,Complete
II-LA-0417-20006,I4I,i4i Call 14 A Stage 2,Committee Review Lead Assessors 4,0,Closed,Complete
II-LA-0417-20006,I4I,i4i Call 14 A Stage 2,Public,9,Reviewed,Complete
II-LA-0417-20006,I4I,i4i Call 14 A Stage 2,Committee Review Lead Assessors 4,0,Withdrawn,Complete
II-LA-0417-20006,I4I,i4i Call 14 A Stage 2,Committee Review Lead Assessors 1,,Withdrawn,Complete
II-LA-0417-20006,I4I,i4i Call 14 A Stage 2,Committee Review Lead Assessors 2,,Withdrawn,Complete
II-LA-0417-20006,I4I,i4i Call 14 A Stage 2,Committee Review Lead Assessors 3,,Withdrawn,Complete
II-LA-0417-20007,I4I,i4i Call 14 A Stage 2,Public,5,Reviewed,Complete
II-LA-0417-20007,I4I,i4i Call 14 A Stage 2,Committee Review Lead Assessors 1,0,Declined,Complete
II-LA-0417-20007,I4I,i4i Call 14 A Stage 2,Committee Review Lead Assessors 2,0,Declined,Complete
II-LA-0417-20007,I4I,i4i Call 14 A Stage 2,Committee Review Lead Assessors 3,0,Declined,Complete
II-LA-0417-20007,I4I,i4i Call 14 A Stage 2,Peer,,Withdrawn,Complete
II-LA-0417-20007,I4I,i4i Call 14 A Stage 2,Peer,7,Reviewed,Complete
II-LA-0417-20007,I4I,i4i Call 14 A Stage 2,Peer,8,Reviewed,Complete
II-LA-0417-20007,I4I,i4i Call 14 A Stage 2,Peer,,Withdrawn,Complete
II-LA-0417-20007,I4I,i4i Call 14 A Stage 2,Peer,5,Reviewed,Complete
II-LA-0417-20007,I4I,i4i Call 14 A Stage 2,Committee Review Lead Assessors 4,,Withdrawn,Complete
II-LA-0417-20007,I4I,i4i Call 14 A Stage 2,Committee Review Lead Assessors 1,,Reviewed,Complete
II-LA-0417-20007,I4I,i4i Call 14 A Stage 2,Committee Review Lead Assessors 2,0,Declined,Complete
II-LA-0417-20007,I4I,i4i Call 14 A Stage 2,Committee Review Lead Assessors 3,,Withdrawn,Complete
II-LA-0417-20007,I4I,i4i Call 14 A Stage 2,Committee Review Lead Assessors 2,,Withdrawn,Complete
II-LA-0417-20008,I4I,i4i Call 14 A Stage 2,Public,5,Reviewed,Complete
II-LA-0417-20008,I4I,i4i Call 14 A Stage 2,Committee Review Lead Assessors 1,,Withdrawn,Complete
II-LA-0417-20008,I4I,i4i Call 14 A Stage 2,Committee Review Lead Assessors 2,0,Closed,Complete
II-LA-0417-20008,I4I,i4i Call 14 A Stage 2,Committee Review Lead Assessors 3,,Reviewed,Complete
II-LA-0417-20008,I4I,i4i Call 14 A Stage 2,Peer,8,Reviewed,Complete
II-LA-0417-20008,I4I,i4i Call 14 A Stage 2,Peer,3,Reviewed,Complete
II-LA-0417-20008,I4I,i4i Call 14 A Stage 2,Peer,8,Reviewed,Complete
II-LA-0417-20008,I4I,i4i Call 14 A Stage 2,Peer,,Withdrawn,Complete
II-LA-0417-20008,I4I,i4i Call 14 A Stage 2,Committee Review Lead Assessors 4,,Withdrawn,Complete
II-LA-0417-20008,I4I,i4i Call 14 A Stage 2,Committee Review Lead Assessors 2,,Withdrawn,Complete
II-LA-1116-20001,I4I,i4i Call 13 A Stage 2,Public,10,Reviewed,Complete
II-LA-1116-20001,I4I,i4i Call 13 A Stage 2,Committee Review Lead Assessors 1,,Withdrawn,Complete
II-LA-1116-20001,I4I,i4i Call 13 A Stage 2,Committee Review Lead Assessors 2,0,Withdrawn,Complete
II-LA-1116-20001,I4I,i4i Call 13 A Stage 2,Committee Review Lead Assessors 3,,Withdrawn,Complete
II-LA-1116-20001,I4I,i4i Call 13 A Stage 2,Peer,7,Reviewed,Complete
II-LA-1116-20001,I4I,i4i Call 13 A Stage 2,Peer,6,Reviewed,Complete
II-LA-1116-20001,I4I,i4i Call 13 A Stage 2,Peer,6,Reviewed,Complete
II-LA-1116-20001,I4I,i4i Call 13 A Stage 2,Peer,8,Reviewed,Complete
II-LA-1116-20001,I4I,i4i Call 13 A Stage 2,Committee Review Lead Assessors 2,,Withdrawn,Complete
II-LA-1116-20002,I4I,i4i Call 13 A Stage 2,Public,4,Reviewed,Complete
II-LA-1116-20002,I4I,i4i Call 13 A Stage 2,Committee Review Lead Assessors 1,,Withdrawn,Complete
II-LA-1116-20002,I4I,i4i Call 13 A Stage 2,Committee Review Lead Assessors 2,,Withdrawn,Complete
II-LA-1116-20002,I4I,i4i Call 13 A Stage 2,Committee Review Lead Assessors 3,,Withdrawn,Complete
II-LA-1116-20002,I4I,i4i Call 13 A Stage 2,Peer,7,Reviewed,Complete
II-LA-1116-20002,I4I,i4i Call 13 A Stage 2,Peer,6,Reviewed,Complete
II-LA-1116-20002,I4I,i4i Call 13 A Stage 2,Peer,8,Reviewed,Complete
II-LA-1116-20002,I4I,i4i Call 13 A Stage 2,Peer,7,Reviewed,Complete
II-LA-1116-20002,I4I,i4i Call 13 A Stage 2,Peer,8,Reviewed,Complete
II-LA-1116-20003,I4I,i4i Call 13 A Stage 2,Public,10,Reviewed,Complete
II-LA-1116-20003,I4I,i4i Call 13 A Stage 2,Committee Review Lead Assessors 1,,NULL,In Progress
II-LA-1116-20003,I4I,i4i Call 13 A Stage 2,Committee Review Lead Assessors 2,,NULL,In Progress
II-LA-1116-20003,I4I,i4i Call 13 A Stage 2,Committee Review Lead Assessors 3,,Reviewed,Complete
II-LA-1116-20003,I4I,i4i Call 13 A Stage 2,Peer,7,Reviewed,Complete
II-LA-1116-20003,I4I,i4i Call 13 A Stage 2,Peer,8,Reviewed,Complete
II-LA-1116-20003,I4I,i4i Call 13 A Stage 2,Peer,9,Reviewed,Complete
II-LA-1116-20003,I4I,i4i Call 13 A Stage 2,Peer,10,Reviewed,Complete
II-LA-1116-20004,I4I,i4i Call 13 A Stage 2,Public,6,Reviewed,Complete
II-LA-1116-20004,I4I,i4i Call 13 A Stage 2,Committee Review Lead Assessors 1,,Reviewed,Complete
II-LA-1116-20004,I4I,i4i Call 13 A Stage 2,Committee Review Lead Assessors 2,,NULL,In Progress
II-LA-1116-20004,I4I,i4i Call 13 A Stage 2,Committee Review Lead Assessors 3,,NULL,In Progress
II-LA-1116-20004,I4I,i4i Call 13 A Stage 2,Peer,8,Reviewed,Complete
II-LA-1116-20004,I4I,i4i Call 13 A Stage 2,Peer,5,Reviewed,Complete
II-LA-1116-20004,I4I,i4i Call 13 A Stage 2,Peer,8,Reviewed,Complete
II-LA-1116-20004,I4I,i4i Call 13 A Stage 2,Peer,,NULL,Unallocated
II-LA-1116-20005,I4I,i4i Call 13 A Stage 2,Public,3,Reviewed,Complete
II-LA-1116-20005,I4I,i4i Call 13 A Stage 2,Committee Review Lead Assessors 1,,NULL,In Progress
II-LA-1116-20005,I4I,i4i Call 13 A Stage 2,Committee Review Lead Assessors 2,,Reviewed,Complete
II-LA-1116-20005,I4I,i4i Call 13 A Stage 2,Committee Review Lead Assessors 3,,Reviewed,Complete
II-LA-1116-20005,I4I,i4i Call 13 A Stage 2,Peer,8,Reviewed,Complete
II-LA-1116-20005,I4I,i4i Call 13 A Stage 2,Peer,9,Reviewed,Complete
II-LA-1116-20005,I4I,i4i Call 13 A Stage 2,Peer,,NULL,Invited
II-LA-1116-20005,I4I,i4i Call 13 A Stage 2,Peer,,NULL,Invited
II-LA-1116-20005,I4I,i4i Call 13 A Stage 2,Peer,,Closed,Complete
II-LA-1116-20006,I4I,i4i Call 13 A Stage 2,Public,8,Reviewed,Complete
II-LA-1116-20006,I4I,i4i Call 13 A Stage 2,Committee Review Lead Assessors 1,,Withdrawn,Complete
II-LA-1116-20006,I4I,i4i Call 13 A Stage 2,Committee Review Lead Assessors 2,,Withdrawn,Complete
II-LA-1116-20006,I4I,i4i Call 13 A Stage 2,Committee Review Lead Assessors 3,,Withdrawn,Complete
II-LA-1116-20006,I4I,i4i Call 13 A Stage 2,Peer,,Closed,Complete
II-LA-1116-20006,I4I,i4i Call 13 A Stage 2,Peer,,Withdrawn,Complete
II-LA-1116-20006,I4I,i4i Call 13 A Stage 2,Peer,9,Reviewed,Complete
II-LA-1116-20006,I4I,i4i Call 13 A Stage 2,Peer,3,Reviewed,Complete
II-LA-1116-20006,I4I,i4i Call 13 A Stage 2,Peer,5,Reviewed,Complete
II-LA-1116-20006,I4I,i4i Call 13 A Stage 2,Peer,,Withdrawn,Complete
II-LA-1116-20007,I4I,i4i Call 13 A Stage 2,Public,9,Reviewed,Complete
II-LA-1116-20007,I4I,i4i Call 13 A Stage 2,Committee Review Lead Assessors 1,,Reviewed,Complete
II-LA-1116-20007,I4I,i4i Call 13 A Stage 2,Committee Review Lead Assessors 2,,NULL,In Progress
II-LA-1116-20007,I4I,i4i Call 13 A Stage 2,Committee Review Lead Assessors 3,,Reviewed,Complete
II-LA-1116-20007,I4I,i4i Call 13 A Stage 2,Peer,2,Reviewed,Complete
II-LA-1116-20007,I4I,i4i Call 13 A Stage 2,Peer,,NULL,Invited
II-LA-1116-20007,I4I,i4i Call 13 A Stage 2,Peer,8,Reviewed,Complete
II-LA-1116-20007,I4I,i4i Call 13 A Stage 2,Peer,,NULL,Invited
II-LA-1116-20008,I4I,i4i Call 13 A Stage 2,Public,6,Reviewed,Complete
II-LA-1116-20008,I4I,i4i Call 13 A Stage 2,Committee Review Lead Assessors 1,,NULL,In Progress
II-LA-1116-20008,I4I,i4i Call 13 A Stage 2,Committee Review Lead Assessors 2,,NULL,In Progress
II-LA-1116-20008,I4I,i4i Call 13 A Stage 2,Committee Review Lead Assessors 3,,NULL,In Progress
II-LA-1116-20008,I4I,i4i Call 13 A Stage 2,Peer,9,Reviewed,Complete
II-LA-1116-20008,I4I,i4i Call 13 A Stage 2,Peer,9,Reviewed,Complete
II-LA-1116-20008,I4I,i4i Call 13 A Stage 2,Peer,10,Reviewed,Complete
II-LA-1116-20008,I4I,i4i Call 13 A Stage 2,Peer,5,Reviewed,Complete
II-LB-0417-20001,I4I,i4i Call 14 B Stage 2,Public,7,Reviewed,Complete
II-LB-0417-20001,I4I,i4i Call 14 B Stage 2,Committee Review Lead Assessors 1,0,Withdrawn,Complete
II-LB-0417-20001,I4I,i4i Call 14 B Stage 2,Committee Review Lead Assessors 2,,Withdrawn,Complete
II-LB-0417-20001,I4I,i4i Call 14 B Stage 2,Committee Review Lead Assessors 3,,Withdrawn,Complete
II-LB-0417-20001,I4I,i4i Call 14 B Stage 2,Peer,8,Reviewed,Complete
II-LB-0417-20001,I4I,i4i Call 14 B Stage 2,Peer,,Withdrawn,Complete
II-LB-0417-20001,I4I,i4i Call 14 B Stage 2,Peer,,Withdrawn,Complete
II-LB-0417-20001,I4I,i4i Call 14 B Stage 2,Committee Review Lead Assessors 4,,Withdrawn,Complete
II-LB-0417-20001,I4I,i4i Call 14 B Stage 2,Peer,6,Reviewed,Complete
II-LB-0417-20001,I4I,i4i Call 14 B Stage 2,Committee Review Lead Assessors 1,,Withdrawn,Complete
II-LB-0417-20002,I4I,i4i Call 14 B Stage 2,Public,9,Reviewed,Complete
II-LB-0417-20002,I4I,i4i Call 14 B Stage 2,Committee Review Lead Assessors 1,,NULL,In Progress
II-LB-0417-20002,I4I,i4i Call 14 B Stage 2,Committee Review Lead Assessors 2,,Reviewed,Complete
II-LB-0417-20002,I4I,i4i Call 14 B Stage 2,Committee Review Lead Assessors 3,,NULL,In Progress
II-LB-0417-20002,I4I,i4i Call 14 B Stage 2,Peer,8,Reviewed,Complete
II-LB-0417-20002,I4I,i4i Call 14 B Stage 2,Peer,8,Reviewed,Complete
II-LB-0417-20002,I4I,i4i Call 14 B Stage 2,Peer,,Withdrawn,Complete
II-LB-0417-20002,I4I,i4i Call 14 B Stage 2,Peer,7,Reviewed,Complete
II-LB-0417-20002,I4I,i4i Call 14 B Stage 2,Peer,,NULL,Unallocated
II-LB-0417-20002,I4I,i4i Call 14 B Stage 2,Committee Review Lead Assessors 4,,Reviewed,Complete
II-LB-0417-20003,I4I,i4i Call 14 B Stage 2,Public,7,Reviewed,Complete
II-LB-0417-20003,I4I,i4i Call 14 B Stage 2,Committee Review Lead Assessors 1,,Withdrawn,Complete
II-LB-0417-20003,I4I,i4i Call 14 B Stage 2,Committee Review Lead Assessors 2,,Reviewed,Complete
II-LB-0417-20003,I4I,i4i Call 14 B Stage 2,Committee Review Lead Assessors 3,,Reviewed,Complete
II-LB-0417-20003,I4I,i4i Call 14 B Stage 2,Peer,9,Reviewed,Complete
II-LB-0417-20003,I4I,i4i Call 14 B Stage 2,Peer,7,Reviewed,Complete
II-LB-0417-20003,I4I,i4i Call 14 B Stage 2,Peer,5,Reviewed,Complete
II-LB-0417-20003,I4I,i4i Call 14 B Stage 2,Committee Review Lead Assessors 4,,Withdrawn,Complete
II-LB-0417-20004,I4I,i4i Call 14 B Stage 2,Public,6,Reviewed,Complete
II-LB-0417-20004,I4I,i4i Call 14 B Stage 2,Committee Review Lead Assessors 1,0,Withdrawn,Complete
II-LB-0417-20004,I4I,i4i Call 14 B Stage 2,Committee Review Lead Assessors 2,,Reviewed,Complete
II-LB-0417-20004,I4I,i4i Call 14 B Stage 2,Committee Review Lead Assessors 3,,NULL,In Progress
II-LB-0417-20004,I4I,i4i Call 14 B Stage 2,Peer,3,Reviewed,Complete
II-LB-0417-20004,I4I,i4i Call 14 B Stage 2,Peer,8,Reviewed,Complete
II-LB-0417-20004,I4I,i4i Call 14 B Stage 2,Peer,,Withdrawn,Complete
II-LB-0417-20004,I4I,i4i Call 14 B Stage 2,Committee Review Lead Assessors 4,,NULL,In Progress
II-LB-0417-20004,I4I,i4i Call 14 B Stage 2,Peer,9,Reviewed,Complete
II-LB-0417-20004,I4I,i4i Call 14 B Stage 2,Committee Review Lead Assessors 1,,NULL,In Progress
II-LB-0417-20005,I4I,i4i Call 14 B Stage 2,Public,5,Reviewed,Complete
II-LB-0417-20005,I4I,i4i Call 14 B Stage 2,Committee Review Lead Assessors 1,,Reviewed,Complete
II-LB-0417-20005,I4I,i4i Call 14 B Stage 2,Committee Review Lead Assessors 2,,NULL,In Progress
II-LB-0417-20005,I4I,i4i Call 14 B Stage 2,Committee Review Lead Assessors 3,,Reviewed,Complete
II-LB-0417-20005,I4I,i4i Call 14 B Stage 2,Peer,,Withdrawn,Complete
II-LB-0417-20005,I4I,i4i Call 14 B Stage 2,Peer,9,Reviewed,Complete
II-LB-0417-20005,I4I,i4i Call 14 B Stage 2,Peer,10,Reviewed,Complete
II-LB-0417-20005,I4I,i4i Call 14 B Stage 2,Committee Review Lead Assessors 4,,NULL,In Progress
II-LB-0417-20005,I4I,i4i Call 14 B Stage 2,Peer,3,Reviewed,Complete
II-LB-0417-20006,I4I,i4i Call 14 B Stage 2,Public,8,Reviewed,Complete
II-LB-0417-20006,I4I,i4i Call 14 B Stage 2,Committee Review Lead Assessors 1,0,Withdrawn,Complete
II-LB-0417-20006,I4I,i4i Call 14 B Stage 2,Committee Review Lead Assessors 2,,NULL,In Progress
II-LB-0417-20006,I4I,i4i Call 14 B Stage 2,Committee Review Lead Assessors 3,,NULL,In Progress
II-LB-0417-20006,I4I,i4i Call 14 B Stage 2,Peer,,NULL,Invited
II-LB-0417-20006,I4I,i4i Call 14 B Stage 2,Peer,7,Reviewed,Complete
II-LB-0417-20006,I4I,i4i Call 14 B Stage 2,Peer,8,Reviewed,Complete
II-LB-0417-20006,I4I,i4i Call 14 B Stage 2,Peer,6,Reviewed,Complete
II-LB-0417-20006,I4I,i4i Call 14 B Stage 2,Peer,6,Reviewed,Complete
II-LB-0417-20006,I4I,i4i Call 14 B Stage 2,Committee Review Lead Assessors 4,,NULL,In Progress
II-LB-0417-20006,I4I,i4i Call 14 B Stage 2,Committee Review Lead Assessors 1,,Reviewed,Complete
II-LB-0417-20007,I4I,i4i Call 14 B Stage 2,Public,3,Reviewed,Complete
II-LB-0417-20007,I4I,i4i Call 14 B Stage 2,Committee Review Lead Assessors 1,,Withdrawn,Complete
II-LB-0417-20007,I4I,i4i Call 14 B Stage 2,Committee Review Lead Assessors 2,,Withdrawn,Complete
II-LB-0417-20007,I4I,i4i Call 14 B Stage 2,Committee Review Lead Assessors 3,,Withdrawn,Complete
II-LB-0417-20007,I4I,i4i Call 14 B Stage 2,Peer,4,Reviewed,Complete
II-LB-0417-20007,I4I,i4i Call 14 B Stage 2,Peer,6,Reviewed,Complete
II-LB-0417-20007,I4I,i4i Call 14 B Stage 2,Peer,,Withdrawn,Complete
II-LB-0417-20007,I4I,i4i Call 14 B Stage 2,Committee Review Lead Assessors 4,,Withdrawn,Complete
II-LB-0417-20008,I4I,i4i Call 14 B Stage 2,Public,8,Reviewed,Complete
II-LB-0417-20008,I4I,i4i Call 14 B Stage 2,Peer,,Withdrawn,Complete
II-LB-0417-20008,I4I,i4i Call 14 B Stage 2,Peer,8,Reviewed,Complete
II-LB-0417-20008,I4I,i4i Call 14 B Stage 2,Peer,8,Reviewed,Complete
II-LB-0417-20008,I4I,i4i Call 14 B Stage 2,Committee Review Lead Assessors 1,0,Withdrawn,Complete
II-LB-0417-20008,I4I,i4i Call 14 B Stage 2,Committee Review Lead Assessors 2,,Withdrawn,Complete
II-LB-0417-20008,I4I,i4i Call 14 B Stage 2,Committee Review Lead Assessors 3,,Withdrawn,Complete
II-LB-0417-20008,I4I,i4i Call 14 B Stage 2,Committee Review Lead Assessors 4,,Withdrawn,Complete
II-LB-0417-20008,I4I,i4i Call 14 B Stage 2,Peer,7,Reviewed,Complete
II-LB-0417-20008,I4I,i4i Call 14 B Stage 2,Committee Review Lead Assessors 1,,Reviewed,Complete
II-LB-1116-20001,I4I,i4i Call 13 B Stage 2,Public,8,Reviewed,Complete
II-LB-1116-20001,I4I,i4i Call 13 B Stage 2,Committee Review Lead Assessors 1,,Reviewed,Complete
II-LB-1116-20001,I4I,i4i Call 13 B Stage 2,Committee Review Lead Assessors 2,,NULL,In Progress
II-LB-1116-20001,I4I,i4i Call 13 B Stage 2,Committee Review Lead Assessors 3,,Reviewed,Complete
II-LB-1116-20001,I4I,i4i Call 13 B Stage 2,Peer,8,Reviewed,Complete
II-LB-1116-20001,I4I,i4i Call 13 B Stage 2,Peer,8,Reviewed,Complete
II-LB-1116-20001,I4I,i4i Call 13 B Stage 2,Peer,9,Reviewed,Complete
II-LB-1116-20001,I4I,i4i Call 13 B Stage 2,Committee Review Lead Assessors 4,,Reviewed,Complete
II-LB-1116-20002,I4I,i4i Call 13 B Stage 2,Public,6,Reviewed,Complete
II-LB-1116-20002,I4I,i4i Call 13 B Stage 2,Committee Review Lead Assessors 1,,Withdrawn,Complete
II-LB-1116-20002,I4I,i4i Call 13 B Stage 2,Committee Review Lead Assessors 2,,Withdrawn,Complete
II-LB-1116-20002,I4I,i4i Call 13 B Stage 2,Committee Review Lead Assessors 3,,Withdrawn,Complete
II-LB-1116-20002,I4I,i4i Call 13 B Stage 2,Peer,9,Reviewed,Complete
II-LB-1116-20002,I4I,i4i Call 13 B Stage 2,Peer,7,Reviewed,Complete
II-LB-1116-20002,I4I,i4i Call 13 B Stage 2,Peer,9,Reviewed,Complete
II-LB-1116-20002,I4I,i4i Call 13 B Stage 2,Peer,8,Reviewed,Complete
II-LB-1116-20002,I4I,i4i Call 13 B Stage 2,Committee Review Lead Assessors 4,,Withdrawn,Complete
II-LB-1116-20003,I4I,i4i Call 13 B Stage 2,Public,5,Reviewed,Complete
II-LB-1116-20003,I4I,i4i Call 13 B Stage 2,Committee Review Lead Assessors 1,,Withdrawn,Complete
II-LB-1116-20003,I4I,i4i Call 13 B Stage 2,Committee Review Lead Assessors 2,,Withdrawn,Complete
II-LB-1116-20003,I4I,i4i Call 13 B Stage 2,Committee Review Lead Assessors 3,,Reviewed,Complete
II-LB-1116-20003,I4I,i4i Call 13 B Stage 2,Peer,9,Reviewed,Complete
II-LB-1116-20003,I4I,i4i Call 13 B Stage 2,Peer,8,Reviewed,Complete
II-LB-1116-20003,I4I,i4i Call 13 B Stage 2,Peer,9,Reviewed,Complete
II-LB-1116-20003,I4I,i4i Call 13 B Stage 2,Peer,4,Reviewed,Complete
II-LB-1116-20003,I4I,i4i Call 13 B Stage 2,Committee Review Lead Assessors 4,,Withdrawn,Complete
II-LB-1116-20004,I4I,i4i Call 13 B Stage 2,Public,4,Reviewed,Complete
II-LB-1116-20004,I4I,i4i Call 13 B Stage 2,Committee Review Lead Assessors 1,,Withdrawn,Complete
II-LB-1116-20004,I4I,i4i Call 13 B Stage 2,Committee Review Lead Assessors 2,,Reviewed,Complete
II-LB-1116-20004,I4I,i4i Call 13 B Stage 2,Committee Review Lead Assessors 3,,Withdrawn,Complete
II-LB-1116-20004,I4I,i4i Call 13 B Stage 2,Peer,6,Reviewed,Complete
II-LB-1116-20004,I4I,i4i Call 13 B Stage 2,Peer,9,Reviewed,Complete
II-LB-1116-20004,I4I,i4i Call 13 B Stage 2,Peer,9,Reviewed,Complete
II-LB-1116-20004,I4I,i4i Call 13 B Stage 2,Peer,9,Reviewed,Complete
II-LB-1116-20004,I4I,i4i Call 13 B Stage 2,Committee Review Lead Assessors 4,,Withdrawn,Complete
II-LB-1116-20005,I4I,i4i Call 13 B Stage 2,Public,5,Reviewed,Complete
II-LB-1116-20005,I4I,i4i Call 13 B Stage 2,Committee Review Lead Assessors 1,,Reviewed,Complete
II-LB-1116-20005,I4I,i4i Call 13 B Stage 2,Committee Review Lead Assessors 2,,NULL,In Progress
II-LB-1116-20005,I4I,i4i Call 13 B Stage 2,Committee Review Lead Assessors 3,,NULL,In Progress
II-LB-1116-20005,I4I,i4i Call 13 B Stage 2,Peer,,Withdrawn,Complete
II-LB-1116-20005,I4I,i4i Call 13 B Stage 2,Peer,9,Reviewed,Complete
II-LB-1116-20005,I4I,i4i Call 13 B Stage 2,Peer,9,Reviewed,Complete
II-LB-1116-20005,I4I,i4i Call 13 B Stage 2,Peer,9,Reviewed,Complete
II-LB-1116-20005,I4I,i4i Call 13 B Stage 2,Committee Review Lead Assessors 4,,Reviewed,Complete
II-LB-1116-20006,I4I,i4i Call 13 B Stage 2,Public,8,Reviewed,Complete
II-LB-1116-20006,I4I,i4i Call 13 B Stage 2,Committee Review Lead Assessors 1,,Reviewed,Complete
II-LB-1116-20006,I4I,i4i Call 13 B Stage 2,Committee Review Lead Assessors 2,,Reviewed,Complete
II-LB-1116-20006,I4I,i4i Call 13 B Stage 2,Committee Review Lead Assessors 3,,Reviewed,Complete
II-LB-1116-20006,I4I,i4i Call 13 B Stage 2,Peer,9,Reviewed,Complete
II-LB-1116-20006,I4I,i4i Call 13 B Stage 2,Peer,,Withdrawn,Complete
II-LB-1116-20006,I4I,i4i Call 13 B Stage 2,Peer,,NULL,Invited
II-LB-1116-20006,I4I,i4i Call 13 B Stage 2,Committee Review Lead Assessors 4,,Reviewed,Complete
II-LB-1116-20006,I4I,i4i Call 13 B Stage 2,Peer,5,Reviewed,Complete
II-LB-1116-20007,I4I,i4i Call 13 B Stage 2,Public,6,Reviewed,Complete
II-LB-1116-20007,I4I,i4i Call 13 B Stage 2,Committee Review Lead Assessors 1,,Withdrawn,Complete
II-LB-1116-20007,I4I,i4i Call 13 B Stage 2,Committee Review Lead Assessors 2,,Withdrawn,Complete
II-LB-1116-20007,I4I,i4i Call 13 B Stage 2,Committee Review Lead Assessors 3,,Reviewed,Complete
II-LB-1116-20007,I4I,i4i Call 13 B Stage 2,Peer,8,Reviewed,Complete
II-LB-1116-20007,I4I,i4i Call 13 B Stage 2,Peer,5,Reviewed,Complete
II-LB-1116-20007,I4I,i4i Call 13 B Stage 2,Peer,,Withdrawn,Complete
II-LB-1116-20007,I4I,i4i Call 13 B Stage 2,Committee Review Lead Assessors 4,,Withdrawn,Complete
II-LB-1116-20008,I4I,i4i Call 13 B Stage 2,Public,5,Reviewed,Complete
II-LB-1116-20008,I4I,i4i Call 13 B Stage 2,Committee Review Lead Assessors 1,,Withdrawn,Complete
II-LB-1116-20008,I4I,i4i Call 13 B Stage 2,Committee Review Lead Assessors 2,,Withdrawn,Complete
II-LB-1116-20008,I4I,i4i Call 13 B Stage 2,Committee Review Lead Assessors 3,,Reviewed,Complete
II-LB-1116-20008,I4I,i4i Call 13 B Stage 2,Peer,6,Reviewed,Complete
II-LB-1116-20008,I4I,i4i Call 13 B Stage 2,Peer,4,Reviewed,Complete
II-LB-1116-20008,I4I,i4i Call 13 B Stage 2,Peer,4,Reviewed,Complete
II-LB-1116-20008,I4I,i4i Call 13 B Stage 2,Peer,5,Reviewed,Complete
II-LB-1116-20008,I4I,i4i Call 13 B Stage 2,Committee Review Lead Assessors 4,,Withdrawn,Complete
II-OL-0417-10001,I4I,i4i Call 14 Stage 1,Sub Panel Review,6,Reviewed,Complete
II-OL-0417-10001,I4I,i4i Call 14 Stage 1,Sub Panel Review,9,Reviewed,Complete
II-OL-0417-10001,I4I,i4i Call 14 Stage 1,Sub Panel Review,7,Reviewed,Complete
II-OL-0417-10001,I4I,i4i Call 14 Stage 1,Sub Panel Review,8,Reviewed,Complete
II-OL-0417-10001,I4I,i4i Call 14 Stage 1,Public Panel Review,,Reviewed,Complete
II-OL-0417-10002,I4I,i4i Call 14 Stage 1,Sub Panel Review,7,Reviewed,Complete
II-OL-0417-10002,I4I,i4i Call 14 Stage 1,Sub Panel Review,6,Reviewed,Complete
II-OL-0417-10002,I4I,i4i Call 14 Stage 1,Sub Panel Review,6,Reviewed,Complete
II-OL-0417-10002,I4I,i4i Call 14 Stage 1,Sub Panel Review,6,Reviewed,Complete
II-OL-0417-10003,I4I,i4i Call 14 Stage 1,Sub Panel Review,,Withdrawn,Complete
II-OL-0417-10003,I4I,i4i Call 14 Stage 1,Sub Panel Review,7,Reviewed,Complete
II-OL-0417-10003,I4I,i4i Call 14 Stage 1,Sub Panel Review,7,Reviewed,Complete
II-OL-0417-10003,I4I,i4i Call 14 Stage 1,Sub Panel Review,6,Reviewed,Complete
II-OL-0417-10003,I4I,i4i Call 14 Stage 1,Sub Panel Review,8,Reviewed,Complete
II-OL-0417-10003,I4I,i4i Call 14 Stage 1,Public Panel Review,,Reviewed,Complete
II-OL-0417-10004,I4I,i4i Call 14 Stage 1,Sub Panel Review,7,Reviewed,Complete
II-OL-0417-10004,I4I,i4i Call 14 Stage 1,Sub Panel Review,7,Reviewed,Complete
II-OL-0417-10004,I4I,i4i Call 14 Stage 1,Sub Panel Review,6,Reviewed,Complete
II-OL-0417-10004,I4I,i4i Call 14 Stage 1,Sub Panel Review,,Withdrawn,Complete
II-OL-0417-10004,I4I,i4i Call 14 Stage 1,Sub Panel Review,8,Reviewed,Complete
II-OL-0417-10004,I4I,i4i Call 14 Stage 1,Public Panel Review,,Reviewed,Complete
II-OL-0417-10005,I4I,i4i Call 14 Stage 1,Sub Panel Review,7,Reviewed,Complete
II-OL-0417-10005,I4I,i4i Call 14 Stage 1,Sub Panel Review,7,Reviewed,Complete
II-OL-0417-10005,I4I,i4i Call 14 Stage 1,Sub Panel Review,6,Reviewed,Complete
II-OL-0417-10005,I4I,i4i Call 14 Stage 1,Sub Panel Review,7,Reviewed,Complete
II-OL-0417-10006,I4I,i4i Call 14 Stage 1,Sub Panel Review,5,Reviewed,Complete
II-OL-0417-10006,I4I,i4i Call 14 Stage 1,Sub Panel Review,4,Reviewed,Complete
II-OL-0417-10006,I4I,i4i Call 14 Stage 1,Sub Panel Review,3,Reviewed,Complete
II-OL-0417-10006,I4I,i4i Call 14 Stage 1,Sub Panel Review,3,Reviewed,Complete
II-OL-0417-10007,I4I,i4i Call 14 Stage 1,Sub Panel Review,(Select),Withdrawn,Complete
II-OL-0417-10007,I4I,i4i Call 14 Stage 1,Sub Panel Review,6,Reviewed,Complete
II-OL-0417-10007,I4I,i4i Call 14 Stage 1,Sub Panel Review,6,Reviewed,Complete
II-OL-0417-10007,I4I,i4i Call 14 Stage 1,Sub Panel Review,7,Reviewed,Complete
II-OL-0417-10007,I4I,i4i Call 14 Stage 1,Sub Panel Review,3,Reviewed,Complete
II-OL-0417-10008,I4I,i4i Call 14 Stage 1,Sub Panel Review,3,Reviewed,Complete
II-OL-0417-10008,I4I,i4i Call 14 Stage 1,Sub Panel Review,2,Reviewed,Complete
II-OL-0417-10008,I4I,i4i Call 14 Stage 1,Sub Panel Review,5,Reviewed,Complete
II-OL-0417-10008,I4I,i4i Call 14 Stage 1,Sub Panel Review,4,Reviewed,Complete
II-OL-0417-10009,I4I,i4i Call 14 Stage 1,Sub Panel Review,8,Reviewed,Complete
II-OL-0417-10009,I4I,i4i Call 14 Stage 1,Sub Panel Review,7,Reviewed,Complete
II-OL-0417-10009,I4I,i4i Call 14 Stage 1,Sub Panel Review,8,Reviewed,Complete
II-OL-0417-10009,I4I,i4i Call 14 Stage 1,Sub Panel Review,8,Reviewed,Complete
II-OL-0417-10009,I4I,i4i Call 14 Stage 1,Public Panel Review,,Reviewed,Complete
II-OL-0417-10010,I4I,i4i Call 14 Stage 1,Sub Panel Review,9,Reviewed,Complete
II-OL-0417-10010,I4I,i4i Call 14 Stage 1,Sub Panel Review,6,Reviewed,Complete
II-OL-0417-10010,I4I,i4i Call 14 Stage 1,Sub Panel Review,7,Reviewed,Complete
II-OL-0417-10010,I4I,i4i Call 14 Stage 1,Sub Panel Review,7,Reviewed,Complete
II-OL-0417-10010,I4I,i4i Call 14 Stage 1,Public Panel Review,,Reviewed,Complete
II-OL-0417-10011,I4I,i4i Call 14 Stage 1,Sub Panel Review,2,Reviewed,Complete
II-OL-0417-10011,I4I,i4i Call 14 Stage 1,Sub Panel Review,6,Reviewed,Complete
II-OL-0417-10011,I4I,i4i Call 14 Stage 1,Sub Panel Review,4,Reviewed,Complete
II-OL-0417-10011,I4I,i4i Call 14 Stage 1,Sub Panel Review,5,Reviewed,Complete
II-OL-0417-10012,I4I,i4i Call 14 Stage 1,Sub Panel Review,6,Reviewed,Complete
II-OL-0417-10012,I4I,i4i Call 14 Stage 1,Sub Panel Review,3,Reviewed,Complete
II-OL-0417-10012,I4I,i4i Call 14 Stage 1,Sub Panel Review,,Withdrawn,Complete
II-OL-0417-10012,I4I,i4i Call 14 Stage 1,Sub Panel Review,8,Reviewed,Complete
II-OL-0417-10012,I4I,i4i Call 14 Stage 1,Sub Panel Review,2,Reviewed,Complete
II-OL-0417-10013,I4I,i4i Call 14 Stage 1,Sub Panel Review,5,Reviewed,Complete
II-OL-0417-10013,I4I,i4i Call 14 Stage 1,Sub Panel Review,6,Reviewed,Complete
II-OL-0417-10013,I4I,i4i Call 14 Stage 1,Sub Panel Review,7,Reviewed,Complete
II-OL-0417-10013,I4I,i4i Call 14 Stage 1,Sub Panel Review,5,Reviewed,Complete
II-OL-0417-10014,I4I,i4i Call 14 Stage 1,Sub Panel Review,8,Reviewed,Complete
II-OL-0417-10014,I4I,i4i Call 14 Stage 1,Sub Panel Review,5,Reviewed,Complete
II-OL-0417-10014,I4I,i4i Call 14 Stage 1,Sub Panel Review,9,Reviewed,Complete
II-OL-0417-10014,I4I,i4i Call 14 Stage 1,Sub Panel Review,,Withdrawn,Complete
II-OL-0417-10014,I4I,i4i Call 14 Stage 1,Sub Panel Review,8,Reviewed,Complete
II-OL-0417-10014,I4I,i4i Call 14 Stage 1,Public Panel Review,,Reviewed,Complete
II-OL-0417-10015,I4I,i4i Call 14 Stage 1,Sub Panel Review,8,Reviewed,Complete
II-OL-0417-10015,I4I,i4i Call 14 Stage 1,Sub Panel Review,9,Reviewed,Complete
II-OL-0417-10015,I4I,i4i Call 14 Stage 1,Sub Panel Review,9,Reviewed,Complete
II-OL-0417-10015,I4I,i4i Call 14 Stage 1,Sub Panel Review,6,Reviewed,Complete
II-OL-0417-10015,I4I,i4i Call 14 Stage 1,Public Panel Review,,Reviewed,Complete
II-OL-0417-10016,I4I,i4i Call 14 Stage 1,Sub Panel Review,(Select),Withdrawn,Complete
II-OL-0417-10016,I4I,i4i Call 14 Stage 1,Sub Panel Review,2,Reviewed,Complete
II-OL-0417-10016,I4I,i4i Call 14 Stage 1,Sub Panel Review,6,Reviewed,Complete
II-OL-0417-10016,I4I,i4i Call 14 Stage 1,Sub Panel Review,5,Reviewed,Complete
II-OL-0417-10016,I4I,i4i Call 14 Stage 1,Sub Panel Review,8,Reviewed,Complete
II-OL-0417-10016,I4I,i4i Call 14 Stage 1,Sub Panel Review,8,Reviewed,Complete
II-OL-0417-10017,I4I,i4i Call 14 Stage 1,Sub Panel Review,5,Reviewed,Complete
II-OL-0417-10017,I4I,i4i Call 14 Stage 1,Sub Panel Review,4,Reviewed,Complete
II-OL-0417-10017,I4I,i4i Call 14 Stage 1,Sub Panel Review,7,Reviewed,Complete
II-OL-0417-10017,I4I,i4i Call 14 Stage 1,Sub Panel Review,7,Reviewed,Complete
II-OL-0417-10018,I4I,i4i Call 14 Stage 1,Sub Panel Review,4,Reviewed,Complete
II-OL-0417-10018,I4I,i4i Call 14 Stage 1,Sub Panel Review,9,Reviewed,Complete
II-OL-0417-10018,I4I,i4i Call 14 Stage 1,Sub Panel Review,7,Reviewed,Complete
II-OL-0417-10018,I4I,i4i Call 14 Stage 1,Sub Panel Review,8,Reviewed,Complete
II-OL-0417-10018,I4I,i4i Call 14 Stage 1,Public Panel Review,,Reviewed,Complete
II-OL-0417-10019,I4I,i4i Call 14 Stage 1,Sub Panel Review,8,Reviewed,Complete
II-OL-0417-10019,I4I,i4i Call 14 Stage 1,Sub Panel Review,8,Reviewed,Complete
II-OL-0417-10019,I4I,i4i Call 14 Stage 1,Sub Panel Review,8,Reviewed,Complete
II-OL-0417-10019,I4I,i4i Call 14 Stage 1,Sub Panel Review,7,Reviewed,Complete
II-OL-0417-10020,I4I,i4i Call 14 Stage 1,Sub Panel Review,8,Reviewed,Complete
II-OL-0417-10020,I4I,i4i Call 14 Stage 1,Sub Panel Review,9,Reviewed,Complete
II-OL-0417-10020,I4I,i4i Call 14 Stage 1,Sub Panel Review,6,Reviewed,Complete
II-OL-0417-10020,I4I,i4i Call 14 Stage 1,Sub Panel Review,,Withdrawn,Complete
II-OL-0417-10020,I4I,i4i Call 14 Stage 1,Sub Panel Review,8,Reviewed,Complete
II-OL-0417-10020,I4I,i4i Call 14 Stage 1,Public Panel Review,,Reviewed,Complete
II-OL-0417-10021,I4I,i4i Call 14 Stage 1,Sub Panel Review,7,Reviewed,Complete
II-OL-0417-10021,I4I,i4i Call 14 Stage 1,Sub Panel Review,8,Reviewed,Complete
II-OL-0417-10021,I4I,i4i Call 14 Stage 1,Sub Panel Review,6,Reviewed,Complete
II-OL-0417-10021,I4I,i4i Call 14 Stage 1,Sub Panel Review,8,Reviewed,Complete
II-OL-0417-10021,I4I,i4i Call 14 Stage 1,Public Panel Review,,Reviewed,Complete
II-OL-0417-10022,I4I,i4i Call 14 Stage 1,Sub Panel Review,7,Reviewed,Complete
II-OL-0417-10022,I4I,i4i Call 14 Stage 1,Sub Panel Review,8,Reviewed,Complete
II-OL-0417-10022,I4I,i4i Call 14 Stage 1,Sub Panel Review,(Select),Withdrawn,Complete
II-OL-0417-10022,I4I,i4i Call 14 Stage 1,Sub Panel Review,8,Reviewed,Complete
II-OL-0417-10022,I4I,i4i Call 14 Stage 1,Public Panel Review,,Reviewed,Complete
II-OL-0417-10023,I4I,i4i Call 14 Stage 1,Sub Panel Review,,Withdrawn,Complete
II-OL-0417-10023,I4I,i4i Call 14 Stage 1,Sub Panel Review,5,Reviewed,Complete
II-OL-0417-10023,I4I,i4i Call 14 Stage 1,Sub Panel Review,6,Reviewed,Complete
II-OL-0417-10023,I4I,i4i Call 14 Stage 1,Sub Panel Review,7,Reviewed,Complete
II-OL-0417-10023,I4I,i4i Call 14 Stage 1,Sub Panel Review,,Withdrawn,Complete
II-OL-0417-10023,I4I,i4i Call 14 Stage 1,Sub Panel Review,7,Reviewed,Complete
II-OL-0417-10024,I4I,i4i Call 14 Stage 1,Sub Panel Review,,Withdrawn,Complete
II-OL-0417-10024,I4I,i4i Call 14 Stage 1,Sub Panel Review,5,Reviewed,Complete
II-OL-0417-10024,I4I,i4i Call 14 Stage 1,Sub Panel Review,7,Reviewed,Complete
II-OL-0417-10024,I4I,i4i Call 14 Stage 1,Sub Panel Review,,Withdrawn,Complete
II-OL-0417-10024,I4I,i4i Call 14 Stage 1,Sub Panel Review,4,Reviewed,Complete
II-OL-0417-10024,I4I,i4i Call 14 Stage 1,Sub Panel Review,7,Reviewed,Complete
II-OL-0417-10025,I4I,i4i Call 14 Stage 1,Sub Panel Review,5,Reviewed,Complete
II-OL-0417-10025,I4I,i4i Call 14 Stage 1,Sub Panel Review,5,Reviewed,Complete
II-OL-0417-10025,I4I,i4i Call 14 Stage 1,Sub Panel Review,4,Reviewed,Complete
II-OL-0417-10025,I4I,i4i Call 14 Stage 1,Sub Panel Review,5,Reviewed,Complete
II-OL-0417-10026,I4I,i4i Call 14 Stage 1,Sub Panel Review,2,Reviewed,Complete
II-OL-0417-10026,I4I,i4i Call 14 Stage 1,Sub Panel Review,6,Reviewed,Complete
II-OL-0417-10026,I4I,i4i Call 14 Stage 1,Sub Panel Review,4,Reviewed,Complete
II-OL-0417-10026,I4I,i4i Call 14 Stage 1,Sub Panel Review,4,Reviewed,Complete
II-OL-0417-10027,I4I,i4i Call 14 Stage 1,Sub Panel Review,4,Reviewed,Complete
II-OL-0417-10027,I4I,i4i Call 14 Stage 1,Sub Panel Review,6,Reviewed,Complete
II-OL-0417-10027,I4I,i4i Call 14 Stage 1,Sub Panel Review,6,Reviewed,Complete
II-OL-0417-10027,I4I,i4i Call 14 Stage 1,Sub Panel Review,5,Reviewed,Complete
II-OL-0417-10028,I4I,i4i Call 14 Stage 1,Sub Panel Review,9,Reviewed,Complete
II-OL-0417-10028,I4I,i4i Call 14 Stage 1,Sub Panel Review,5,Reviewed,Complete
II-OL-0417-10028,I4I,i4i Call 14 Stage 1,Sub Panel Review,6,Reviewed,Complete
II-OL-0417-10028,I4I,i4i Call 14 Stage 1,Sub Panel Review,5,Reviewed,Complete
II-OL-0417-10029,I4I,i4i Call 14 Stage 1,Sub Panel Review,,Withdrawn,Complete
II-OL-0417-10029,I4I,i4i Call 14 Stage 1,Sub Panel Review,8,Reviewed,Complete
II-OL-0417-10029,I4I,i4i Call 14 Stage 1,Sub Panel Review,6,Reviewed,Complete
II-OL-0417-10029,I4I,i4i Call 14 Stage 1,Sub Panel Review,,Withdrawn,Complete
II-OL-0417-10029,I4I,i4i Call 14 Stage 1,Sub Panel Review,7,Reviewed,Complete
II-OL-0417-10029,I4I,i4i Call 14 Stage 1,Sub Panel Review,4,Reviewed,Complete
II-OL-0417-10030,I4I,i4i Call 14 Stage 1,Sub Panel Review,5,Reviewed,Complete
II-OL-0417-10030,I4I,i4i Call 14 Stage 1,Sub Panel Review,,Withdrawn,Complete
II-OL-0417-10030,I4I,i4i Call 14 Stage 1,Sub Panel Review,5,Reviewed,Complete
II-OL-0417-10030,I4I,i4i Call 14 Stage 1,Sub Panel Review,5,Reviewed,Complete
II-OL-0417-10030,I4I,i4i Call 14 Stage 1,Sub Panel Review,6,Reviewed,Complete
II-OL-0417-10031,I4I,i4i Call 14 Stage 1,Sub Panel Review,8,Reviewed,Complete
II-OL-0417-10031,I4I,i4i Call 14 Stage 1,Sub Panel Review,5,Reviewed,Complete
II-OL-0417-10031,I4I,i4i Call 14 Stage 1,Sub Panel Review,8,Reviewed,Complete
II-OL-0417-10031,I4I,i4i Call 14 Stage 1,Sub Panel Review,,Withdrawn,Complete
II-OL-0417-10031,I4I,i4i Call 14 Stage 1,Sub Panel Review,7,Reviewed,Complete
II-OL-0417-10031,I4I,i4i Call 14 Stage 1,Public Panel Review,,Reviewed,Complete
II-OL-0417-10032,I4I,i4i Call 14 Stage 1,Sub Panel Review,8,Reviewed,Complete
II-OL-0417-10032,I4I,i4i Call 14 Stage 1,Sub Panel Review,5,Reviewed,Complete
II-OL-0417-10032,I4I,i4i Call 14 Stage 1,Sub Panel Review,7,Reviewed,Complete
II-OL-0417-10032,I4I,i4i Call 14 Stage 1,Sub Panel Review,7,Reviewed,Complete
II-OL-0417-10033,I4I,i4i Call 14 Stage 1,Sub Panel Review,4,Reviewed,Complete
II-OL-0417-10033,I4I,i4i Call 14 Stage 1,Sub Panel Review,6,Reviewed,Complete
II-OL-0417-10033,I4I,i4i Call 14 Stage 1,Sub Panel Review,3,Reviewed,Complete
II-OL-0417-10033,I4I,i4i Call 14 Stage 1,Sub Panel Review,4,Reviewed,Complete
II-OL-0417-10034,I4I,i4i Call 14 Stage 1,Sub Panel Review,7,Reviewed,Complete
II-OL-0417-10034,I4I,i4i Call 14 Stage 1,Sub Panel Review,7,Reviewed,Complete
II-OL-0417-10034,I4I,i4i Call 14 Stage 1,Sub Panel Review,4,Reviewed,Complete
II-OL-0417-10034,I4I,i4i Call 14 Stage 1,Sub Panel Review,5,Reviewed,Complete
II-OL-0417-10035,I4I,i4i Call 14 Stage 1,Sub Panel Review,8,Reviewed,Complete
II-OL-0417-10035,I4I,i4i Call 14 Stage 1,Sub Panel Review,6,Reviewed,Complete
II-OL-0417-10035,I4I,i4i Call 14 Stage 1,Sub Panel Review,7,Reviewed,Complete
II-OL-0417-10035,I4I,i4i Call 14 Stage 1,Sub Panel Review,7,Reviewed,Complete
II-OL-0417-10035,I4I,i4i Call 14 Stage 1,Public Panel Review,,Reviewed,Complete
II-OL-0417-10036,I4I,i4i Call 14 Stage 1,Sub Panel Review,9,Reviewed,Complete
II-OL-0417-10036,I4I,i4i Call 14 Stage 1,Sub Panel Review,,Closed,Complete
II-OL-0417-10036,I4I,i4i Call 14 Stage 1,Sub Panel Review,4,Reviewed,Complete
II-OL-0417-10036,I4I,i4i Call 14 Stage 1,Sub Panel Review,9,Reviewed,Complete
II-OL-0417-10036,I4I,i4i Call 14 Stage 1,Public Panel Review,,Reviewed,Complete
II-OL-0417-10037,I4I,i4i Call 14 Stage 1,Sub Panel Review,8,Reviewed,Complete
II-OL-0417-10037,I4I,i4i Call 14 Stage 1,Sub Panel Review,8,Reviewed,Complete
II-OL-0417-10037,I4I,i4i Call 14 Stage 1,Sub Panel Review,6,Reviewed,Complete
II-OL-0417-10037,I4I,i4i Call 14 Stage 1,Sub Panel Review,6,Reviewed,Complete
II-OL-0417-10038,I4I,i4i Call 14 Stage 1,Sub Panel Review,4,Reviewed,Complete
II-OL-0417-10038,I4I,i4i Call 14 Stage 1,Sub Panel Review,7,Reviewed,Complete
II-OL-0417-10038,I4I,i4i Call 14 Stage 1,Sub Panel Review,4,Reviewed,Complete
II-OL-0417-10038,I4I,i4i Call 14 Stage 1,Sub Panel Review,5,Reviewed,Complete
II-OL-0417-10039,I4I,i4i Call 14 Stage 1,Sub Panel Review,6,Reviewed,Complete
II-OL-0417-10039,I4I,i4i Call 14 Stage 1,Sub Panel Review,8,Reviewed,Complete
II-OL-0417-10039,I4I,i4i Call 14 Stage 1,Sub Panel Review,9,Reviewed,Complete
II-OL-0417-10039,I4I,i4i Call 14 Stage 1,Sub Panel Review,,Withdrawn,Complete
II-OL-0417-10039,I4I,i4i Call 14 Stage 1,Sub Panel Review,5,Reviewed,Complete
II-OL-0417-10040,I4I,i4i Call 14 Stage 1,Sub Panel Review,5,Reviewed,Complete
II-OL-0417-10040,I4I,i4i Call 14 Stage 1,Sub Panel Review,5,Reviewed,Complete
II-OL-0417-10040,I4I,i4i Call 14 Stage 1,Sub Panel Review,4,Reviewed,Complete
II-OL-0417-10040,I4I,i4i Call 14 Stage 1,Sub Panel Review,8,Reviewed,Complete
II-OL-0417-10041,I4I,i4i Call 14 Stage 1,Sub Panel Review,8,Reviewed,Complete
II-OL-0417-10041,I4I,i4i Call 14 Stage 1,Sub Panel Review,7,Reviewed,Complete
II-OL-0417-10041,I4I,i4i Call 14 Stage 1,Sub Panel Review,8,Reviewed,Complete
II-OL-0417-10041,I4I,i4i Call 14 Stage 1,Sub Panel Review,,Withdrawn,Complete
II-OL-0417-10041,I4I,i4i Call 14 Stage 1,Sub Panel Review,7,Reviewed,Complete
II-OL-0417-10041,I4I,i4i Call 14 Stage 1,Public Panel Review,,Reviewed,Complete
II-OL-0417-10042,I4I,i4i Call 14 Stage 1,Sub Panel Review,,Withdrawn,Complete
II-OL-0417-10042,I4I,i4i Call 14 Stage 1,Sub Panel Review,,Withdrawn,Complete
II-OL-0417-10042,I4I,i4i Call 14 Stage 1,Sub Panel Review,,Withdrawn,Complete
II-OL-0417-10043,I4I,i4i Call 14 Stage 1,Sub Panel Review,6,Reviewed,Complete
II-OL-0417-10043,I4I,i4i Call 14 Stage 1,Sub Panel Review,5,Reviewed,Complete
II-OL-0417-10043,I4I,i4i Call 14 Stage 1,Sub Panel Review,8,Reviewed,Complete
II-OL-0417-10043,I4I,i4i Call 14 Stage 1,Sub Panel Review,4,Reviewed,Complete
II-OL-0417-10044,I4I,i4i Call 14 Stage 1,Sub Panel Review,2,Reviewed,Complete
II-OL-0417-10044,I4I,i4i Call 14 Stage 1,Sub Panel Review,9,Reviewed,Complete
II-OL-0417-10044,I4I,i4i Call 14 Stage 1,Sub Panel Review,7,Reviewed,Complete
II-OL-0417-10044,I4I,i4i Call 14 Stage 1,Sub Panel Review,7,Reviewed,Complete
II-OL-0417-10044,I4I,i4i Call 14 Stage 1,Public Panel Review,,Reviewed,Complete
II-OL-1116-10001,I4I,i4i Call 13 Stage 1,Sub Panel Review,5,Reviewed,Complete
II-OL-1116-10001,I4I,i4i Call 13 Stage 1,Sub Panel Review,7,Reviewed,Complete
II-OL-1116-10001,I4I,i4i Call 13 Stage 1,Sub Panel Review,7,Reviewed,Complete
II-OL-1116-10001,I4I,i4i Call 13 Stage 1,Sub Panel Review,7,Reviewed,Complete
II-OL-1116-10001,I4I,i4i Call 13 Stage 1,Public Panel Review,,Reviewed,Complete
II-OL-1116-10002,I4I,i4i Call 13 Stage 1,Sub Panel Review,8,Reviewed,Complete
II-OL-1116-10002,I4I,i4i Call 13 Stage 1,Sub Panel Review,9,Reviewed,Complete
II-OL-1116-10002,I4I,i4i Call 13 Stage 1,Sub Panel Review,6,Reviewed,Complete
II-OL-1116-10002,I4I,i4i Call 13 Stage 1,Sub Panel Review,8,Reviewed,Complete
II-OL-1116-10002,I4I,i4i Call 13 Stage 1,Public Panel Review,,Reviewed,Complete
II-OL-1116-10003,I4I,i4i Call 13 Stage 1,Sub Panel Review,8,Reviewed,Complete
II-OL-1116-10003,I4I,i4i Call 13 Stage 1,Sub Panel Review,,Closed,Complete
II-OL-1116-10003,I4I,i4i Call 13 Stage 1,Sub Panel Review,6,Reviewed,Complete
II-OL-1116-10003,I4I,i4i Call 13 Stage 1,Sub Panel Review,8,Reviewed,Complete
II-OL-1116-10003,I4I,i4i Call 13 Stage 1,Public Panel Review,,Reviewed,Complete
II-OL-1116-10004,I4I,i4i Call 13 Stage 1,Sub Panel Review,5,Reviewed,Complete
II-OL-1116-10004,I4I,i4i Call 13 Stage 1,Sub Panel Review,9,Withdrawn,Complete
II-OL-1116-10004,I4I,i4i Call 13 Stage 1,Sub Panel Review,5,Reviewed,Complete
II-OL-1116-10004,I4I,i4i Call 13 Stage 1,Sub Panel Review,8,Reviewed,Complete
II-OL-1116-10005,I4I,i4i Call 13 Stage 1,Sub Panel Review,8,Reviewed,Complete
II-OL-1116-10005,I4I,i4i Call 13 Stage 1,Sub Panel Review,4,Reviewed,Complete
II-OL-1116-10005,I4I,i4i Call 13 Stage 1,Sub Panel Review,7,Reviewed,Complete
II-OL-1116-10005,I4I,i4i Call 13 Stage 1,Sub Panel Review,6,Reviewed,Complete
II-OL-1116-10006,I4I,i4i Call 13 Stage 1,Sub Panel Review,9,Reviewed,Complete
II-OL-1116-10006,I4I,i4i Call 13 Stage 1,Sub Panel Review,8,Reviewed,Complete
II-OL-1116-10006,I4I,i4i Call 13 Stage 1,Sub Panel Review,6,Reviewed,Complete
II-OL-1116-10006,I4I,i4i Call 13 Stage 1,Sub Panel Review,6,Reviewed,Complete
II-OL-1116-10006,I4I,i4i Call 13 Stage 1,Public Panel Review,,Reviewed,Complete
II-OL-1116-10007,I4I,i4i Call 13 Stage 1,Sub Panel Review,9,Reviewed,Complete
II-OL-1116-10007,I4I,i4i Call 13 Stage 1,Sub Panel Review,8,Reviewed,Complete
II-OL-1116-10007,I4I,i4i Call 13 Stage 1,Sub Panel Review,8,Reviewed,Complete
II-OL-1116-10007,I4I,i4i Call 13 Stage 1,Sub Panel Review,8,Reviewed,Complete
II-OL-1116-10008,I4I,i4i Call 13 Stage 1,Sub Panel Review,4,Reviewed,Complete
II-OL-1116-10008,I4I,i4i Call 13 Stage 1,Sub Panel Review,6,Reviewed,Complete
II-OL-1116-10008,I4I,i4i Call 13 Stage 1,Sub Panel Review,6,Reviewed,Complete
II-OL-1116-10008,I4I,i4i Call 13 Stage 1,Sub Panel Review,4,Reviewed,Complete
II-OL-1116-10009,I4I,i4i Call 13 Stage 1,Sub Panel Review,3,Reviewed,Complete
II-OL-1116-10009,I4I,i4i Call 13 Stage 1,Sub Panel Review,8,Reviewed,Complete
II-OL-1116-10009,I4I,i4i Call 13 Stage 1,Sub Panel Review,4,Reviewed,Complete
II-OL-1116-10009,I4I,i4i Call 13 Stage 1,Sub Panel Review,9,Reviewed,Complete
II-OL-1116-10009,I4I,i4i Call 13 Stage 1,Public Panel Review,,Reviewed,Complete
II-OL-1116-10010,I4I,i4i Call 13 Stage 1,Sub Panel Review,8,Reviewed,Complete
II-OL-1116-10010,I4I,i4i Call 13 Stage 1,Sub Panel Review,2,Reviewed,Complete
II-OL-1116-10010,I4I,i4i Call 13 Stage 1,Sub Panel Review,7,Reviewed,Complete
II-OL-1116-10010,I4I,i4i Call 13 Stage 1,Sub Panel Review,5,Reviewed,Complete
II-OL-1116-10011,I4I,i4i Call 13 Stage 1,Sub Panel Review,6,Reviewed,Complete
II-OL-1116-10011,I4I,i4i Call 13 Stage 1,Sub Panel Review,5,Reviewed,Complete
II-OL-1116-10011,I4I,i4i Call 13 Stage 1,Sub Panel Review,6,Reviewed,Complete
II-OL-1116-10011,I4I,i4i Call 13 Stage 1,Sub Panel Review,4,Reviewed,Complete
II-OL-1116-10012,I4I,i4i Call 13 Stage 1,Sub Panel Review,5,Reviewed,Complete
II-OL-1116-10012,I4I,i4i Call 13 Stage 1,Sub Panel Review,5,Reviewed,Complete
II-OL-1116-10012,I4I,i4i Call 13 Stage 1,Sub Panel Review,,Withdrawn,Complete
II-OL-1116-10012,I4I,i4i Call 13 Stage 1,Sub Panel Review,5,Reviewed,Complete
II-OL-1116-10013,I4I,i4i Call 13 Stage 1,Sub Panel Review,6,Reviewed,Complete
II-OL-1116-10013,I4I,i4i Call 13 Stage 1,Sub Panel Review,8,Reviewed,Complete
II-OL-1116-10013,I4I,i4i Call 13 Stage 1,Sub Panel Review,8,Reviewed,Complete
II-OL-1116-10013,I4I,i4i Call 13 Stage 1,Sub Panel Review,8,Reviewed,Complete
II-OL-1116-10013,I4I,i4i Call 13 Stage 1,Public Panel Review,,Reviewed,Complete
II-OL-1116-10014,I4I,i4i Call 13 Stage 1,Sub Panel Review,7,Reviewed,Complete
II-OL-1116-10014,I4I,i4i Call 13 Stage 1,Sub Panel Review,5,Withdrawn,Complete
II-OL-1116-10014,I4I,i4i Call 13 Stage 1,Sub Panel Review,7,Reviewed,Complete
II-OL-1116-10014,I4I,i4i Call 13 Stage 1,Sub Panel Review,6,Reviewed,Complete
II-OL-1116-10015,I4I,i4i Call 13 Stage 1,Sub Panel Review,2,Reviewed,Complete
II-OL-1116-10015,I4I,i4i Call 13 Stage 1,Sub Panel Review,4,Reviewed,Complete
II-OL-1116-10015,I4I,i4i Call 13 Stage 1,Sub Panel Review,4,Reviewed,Complete
II-OL-1116-10015,I4I,i4i Call 13 Stage 1,Sub Panel Review,4,Reviewed,Complete
II-OL-1116-10016,I4I,i4i Call 13 Stage 1,Sub Panel Review,7,Reviewed,Complete
II-OL-1116-10016,I4I,i4i Call 13 Stage 1,Sub Panel Review,,Withdrawn,Complete
II-OL-1116-10016,I4I,i4i Call 13 Stage 1,Sub Panel Review,5,Reviewed,Complete
II-OL-1116-10016,I4I,i4i Call 13 Stage 1,Sub Panel Review,8,Reviewed,Complete
II-OL-1116-10017,I4I,i4i Call 13 Stage 1,Sub Panel Review,5,Reviewed,Complete
II-OL-1116-10017,I4I,i4i Call 13 Stage 1,Sub Panel Review,7,Reviewed,Complete
II-OL-1116-10017,I4I,i4i Call 13 Stage 1,Sub Panel Review,5,Reviewed,Complete
II-OL-1116-10017,I4I,i4i Call 13 Stage 1,Sub Panel Review,5,Reviewed,Complete
II-OL-1116-10018,I4I,i4i Call 13 Stage 1,Sub Panel Review,4,Reviewed,Complete
II-OL-1116-10018,I4I,i4i Call 13 Stage 1,Sub Panel Review,5,Reviewed,Complete
II-OL-1116-10018,I4I,i4i Call 13 Stage 1,Sub Panel Review,7,Reviewed,Complete
II-OL-1116-10018,I4I,i4i Call 13 Stage 1,Sub Panel Review,6,Reviewed,Complete
II-OL-1116-10019,I4I,i4i Call 13 Stage 1,Sub Panel Review,4,Reviewed,Complete
II-OL-1116-10019,I4I,i4i Call 13 Stage 1,Sub Panel Review,4,Reviewed,Complete
II-OL-1116-10019,I4I,i4i Call 13 Stage 1,Sub Panel Review,4,Reviewed,Complete
II-OL-1116-10019,I4I,i4i Call 13 Stage 1,Sub Panel Review,4,Reviewed,Complete
II-OL-1116-10020,I4I,i4i Call 13 Stage 1,Sub Panel Review,8,Reviewed,Complete
II-OL-1116-10020,I4I,i4i Call 13 Stage 1,Sub Panel Review,9,Reviewed,Complete
II-OL-1116-10020,I4I,i4i Call 13 Stage 1,Sub Panel Review,8,Reviewed,Complete
II-OL-1116-10020,I4I,i4i Call 13 Stage 1,Sub Panel Review,5,Reviewed,Complete
II-OL-1116-10021,I4I,i4i Call 13 Stage 1,Sub Panel Review,8,Reviewed,Complete
II-OL-1116-10021,I4I,i4i Call 13 Stage 1,Sub Panel Review,9,Reviewed,Complete
II-OL-1116-10021,I4I,i4i Call 13 Stage 1,Sub Panel Review,,Closed,Complete
II-OL-1116-10021,I4I,i4i Call 13 Stage 1,Sub Panel Review,7,Reviewed,Complete
II-OL-1116-10021,I4I,i4i Call 13 Stage 1,Public Panel Review,,Reviewed,Complete
II-OL-1116-10022,I4I,i4i Call 13 Stage 1,Sub Panel Review,2,Reviewed,Complete
II-OL-1116-10022,I4I,i4i Call 13 Stage 1,Sub Panel Review,1,Reviewed,Complete
II-OL-1116-10022,I4I,i4i Call 13 Stage 1,Sub Panel Review,4,Reviewed,Complete
II-OL-1116-10022,I4I,i4i Call 13 Stage 1,Sub Panel Review,2,Reviewed,Complete
II-OL-1116-10023,I4I,i4i Call 13 Stage 1,Sub Panel Review,5,Reviewed,Complete
II-OL-1116-10023,I4I,i4i Call 13 Stage 1,Sub Panel Review,6,Reviewed,Complete
II-OL-1116-10023,I4I,i4i Call 13 Stage 1,Sub Panel Review,7,Reviewed,Complete
II-OL-1116-10023,I4I,i4i Call 13 Stage 1,Sub Panel Review,7,Reviewed,Complete
II-OL-1116-10023,I4I,i4i Call 13 Stage 1,Public Panel Review,,Reviewed,Complete
II-OL-1116-10024,I4I,i4i Call 13 Stage 1,Sub Panel Review,,Withdrawn,Complete
II-OL-1116-10024,I4I,i4i Call 13 Stage 1,Sub Panel Review,8,Reviewed,Complete
II-OL-1116-10024,I4I,i4i Call 13 Stage 1,Sub Panel Review,8,Reviewed,Complete
II-OL-1116-10024,I4I,i4i Call 13 Stage 1,Sub Panel Review,8,Reviewed,Complete
II-OL-1116-10024,I4I,i4i Call 13 Stage 1,Sub Panel Review,5,Reviewed,Complete
II-OL-1116-10024,I4I,i4i Call 13 Stage 1,Public Panel Review,,Reviewed,Complete
II-OL-1116-10025,I4I,i4i Call 13 Stage 1,Sub Panel Review,6,Reviewed,Complete
II-OL-1116-10025,I4I,i4i Call 13 Stage 1,Sub Panel Review,4,Reviewed,Complete
II-OL-1116-10025,I4I,i4i Call 13 Stage 1,Sub Panel Review,5,Reviewed,Complete
II-OL-1116-10025,I4I,i4i Call 13 Stage 1,Sub Panel Review,7,Reviewed,Complete
II-OL-1116-10026,I4I,i4i Call 13 Stage 1,Sub Panel Review,8,Reviewed,Complete
II-OL-1116-10026,I4I,i4i Call 13 Stage 1,Sub Panel Review,9,Reviewed,Complete
II-OL-1116-10026,I4I,i4i Call 13 Stage 1,Sub Panel Review,9,Reviewed,Complete
II-OL-1116-10026,I4I,i4i Call 13 Stage 1,Sub Panel Review,8,Reviewed,Complete
II-OL-1116-10026,I4I,i4i Call 13 Stage 1,Public Panel Review,,Reviewed,Complete
II-OL-1116-10027,I4I,i4i Call 13 Stage 1,Sub Panel Review,7,Reviewed,Complete
II-OL-1116-10027,I4I,i4i Call 13 Stage 1,Sub Panel Review,8,Reviewed,Complete
II-OL-1116-10027,I4I,i4i Call 13 Stage 1,Sub Panel Review,8,Reviewed,Complete
II-OL-1116-10027,I4I,i4i Call 13 Stage 1,Sub Panel Review,7,Reviewed,Complete
II-OL-1116-10027,I4I,i4i Call 13 Stage 1,Public Panel Review,,Reviewed,Complete
II-OL-1116-10028,I4I,i4i Call 13 Stage 1,Sub Panel Review,6,Reviewed,Complete
II-OL-1116-10028,I4I,i4i Call 13 Stage 1,Sub Panel Review,8,Reviewed,Complete
II-OL-1116-10028,I4I,i4i Call 13 Stage 1,Sub Panel Review,7,Reviewed,Complete
II-OL-1116-10028,I4I,i4i Call 13 Stage 1,Sub Panel Review,6,Reviewed,Complete
II-OL-1116-10029,I4I,i4i Call 13 Stage 1,Sub Panel Review,6,Reviewed,Complete
II-OL-1116-10029,I4I,i4i Call 13 Stage 1,Sub Panel Review,5,Reviewed,Complete
II-OL-1116-10029,I4I,i4i Call 13 Stage 1,Sub Panel Review,6,Reviewed,Complete
II-OL-1116-10029,I4I,i4i Call 13 Stage 1,Sub Panel Review,8,Reviewed,Complete
II-OL-1116-10029,I4I,i4i Call 13 Stage 1,Public Panel Review,,Reviewed,Complete
II-OL-1116-10030,I4I,i4i Call 13 Stage 1,Sub Panel Review,5,Reviewed,Complete
II-OL-1116-10030,I4I,i4i Call 13 Stage 1,Sub Panel Review,3,Reviewed,Complete
II-OL-1116-10030,I4I,i4i Call 13 Stage 1,Sub Panel Review,4,Reviewed,Complete
II-OL-1116-10030,I4I,i4i Call 13 Stage 1,Sub Panel Review,5,Reviewed,Complete
II-OL-1116-10031,I4I,i4i Call 13 Stage 1,Sub Panel Review,5,Reviewed,Complete
II-OL-1116-10031,I4I,i4i Call 13 Stage 1,Sub Panel Review,6,Reviewed,Complete
II-OL-1116-10031,I4I,i4i Call 13 Stage 1,Sub Panel Review,5,Reviewed,Complete
II-OL-1116-10031,I4I,i4i Call 13 Stage 1,Sub Panel Review,6,Reviewed,Complete
II-OL-1116-10032,I4I,i4i Call 13 Stage 1,Sub Panel Review,4,Reviewed,Complete
II-OL-1116-10032,I4I,i4i Call 13 Stage 1,Sub Panel Review,1,Reviewed,Complete
II-OL-1116-10032,I4I,i4i Call 13 Stage 1,Sub Panel Review,3,Reviewed,Complete
II-OL-1116-10032,I4I,i4i Call 13 Stage 1,Sub Panel Review,,Withdrawn,Complete
II-OL-1116-10033,I4I,i4i Call 13 Stage 1,Sub Panel Review,5,Reviewed,Complete
II-OL-1116-10033,I4I,i4i Call 13 Stage 1,Sub Panel Review,3,Reviewed,Complete
II-OL-1116-10033,I4I,i4i Call 13 Stage 1,Sub Panel Review,4,Reviewed,Complete
II-OL-1116-10033,I4I,i4i Call 13 Stage 1,Sub Panel Review,4,Reviewed,Complete
II-OL-1116-10034,I4I,i4i Call 13 Stage 1,Sub Panel Review,7,Reviewed,Complete
II-OL-1116-10034,I4I,i4i Call 13 Stage 1,Sub Panel Review,7,Reviewed,Complete
II-OL-1116-10034,I4I,i4i Call 13 Stage 1,Sub Panel Review,7,Reviewed,Complete
II-OL-1116-10034,I4I,i4i Call 13 Stage 1,Sub Panel Review,7,Reviewed,Complete
II-OL-1116-10034,I4I,i4i Call 13 Stage 1,Public Panel Review,,Reviewed,Complete
II-OL-1116-10035,I4I,i4i Call 13 Stage 1,Sub Panel Review,8,Reviewed,Complete
II-OL-1116-10035,I4I,i4i Call 13 Stage 1,Sub Panel Review,9,Reviewed,Complete
II-OL-1116-10035,I4I,i4i Call 13 Stage 1,Sub Panel Review,8,Reviewed,Complete
II-OL-1116-10035,I4I,i4i Call 13 Stage 1,Sub Panel Review,8,Reviewed,Complete
II-OL-1116-10035,I4I,i4i Call 13 Stage 1,Public Panel Review,,Reviewed,Complete
II-OL-1116-10036,I4I,i4i Call 13 Stage 1,Sub Panel Review,8,Reviewed,Complete
II-OL-1116-10036,I4I,i4i Call 13 Stage 1,Sub Panel Review,3,Reviewed,Complete
II-OL-1116-10036,I4I,i4i Call 13 Stage 1,Sub Panel Review,6,Reviewed,Complete
II-OL-1116-10036,I4I,i4i Call 13 Stage 1,Sub Panel Review,8,Reviewed,Complete
II-OL-1116-10037,I4I,i4i Call 13 Stage 1,Sub Panel Review,6,Reviewed,Complete
II-OL-1116-10037,I4I,i4i Call 13 Stage 1,Sub Panel Review,4,Reviewed,Complete
II-OL-1116-10037,I4I,i4i Call 13 Stage 1,Sub Panel Review,4,Reviewed,Complete
II-OL-1116-10037,I4I,i4i Call 13 Stage 1,Sub Panel Review,4,Reviewed,Complete
II-OL-1116-10038,I4I,i4i Call 13 Stage 1,Sub Panel Review,5,Reviewed,Complete
II-OL-1116-10038,I4I,i4i Call 13 Stage 1,Sub Panel Review,6,Reviewed,Complete
II-OL-1116-10038,I4I,i4i Call 13 Stage 1,Sub Panel Review,8,Reviewed,Complete
II-OL-1116-10038,I4I,i4i Call 13 Stage 1,Sub Panel Review,6,Reviewed,Complete
II-OL-1116-10039,I4I,i4i Call 13 Stage 1,Sub Panel Review,9,Reviewed,Complete
II-OL-1116-10039,I4I,i4i Call 13 Stage 1,Sub Panel Review,7,Reviewed,Complete
II-OL-1116-10039,I4I,i4i Call 13 Stage 1,Sub Panel Review,7,Reviewed,Complete
II-OL-1116-10039,I4I,i4i Call 13 Stage 1,Sub Panel Review,6,Reviewed,Complete
II-OL-1116-10039,I4I,i4i Call 13 Stage 1,Public Panel Review,,Reviewed,Complete
II-OL-1116-10040,I4I,i4i Call 13 Stage 1,Sub Panel Review,2,Withdrawn,Complete
II-OL-1116-10040,I4I,i4i Call 13 Stage 1,Sub Panel Review,6,Reviewed,Complete
II-OL-1116-10040,I4I,i4i Call 13 Stage 1,Sub Panel Review,5,Reviewed,Complete
II-OL-1116-10040,I4I,i4i Call 13 Stage 1,Sub Panel Review,5,Reviewed,Complete
II-OL-1116-10041,I4I,i4i Call 13 Stage 1,Sub Panel Review,9,Closed,Complete
II-OL-1116-10041,I4I,i4i Call 13 Stage 1,Sub Panel Review,7,Reviewed,Complete
II-OL-1116-10041,I4I,i4i Call 13 Stage 1,Sub Panel Review,9,Reviewed,Complete
II-OL-1116-10041,I4I,i4i Call 13 Stage 1,Sub Panel Review,6,Reviewed,Complete
II-OL-1116-10041,I4I,i4i Call 13 Stage 1,Public Panel Review,,Reviewed,Complete
II-OL-1116-10042,I4I,i4i Call 13 Stage 1,Sub Panel Review,3,Reviewed,Complete
II-OL-1116-10042,I4I,i4i Call 13 Stage 1,Sub Panel Review,4,Reviewed,Complete
II-OL-1116-10042,I4I,i4i Call 13 Stage 1,Sub Panel Review,2,Reviewed,Complete
II-OL-1116-10042,I4I,i4i Call 13 Stage 1,Sub Panel Review,3,Reviewed,Complete
II-OL-1116-10043,I4I,i4i Call 13 Stage 1,Sub Panel Review,,Withdrawn,Complete
II-OL-1116-10043,I4I,i4i Call 13 Stage 1,Sub Panel Review,4,Reviewed,Complete
II-OL-1116-10043,I4I,i4i Call 13 Stage 1,Sub Panel Review,7,Reviewed,Complete
II-OL-1116-10043,I4I,i4i Call 13 Stage 1,Sub Panel Review,6,Reviewed,Complete
II-OL-1116-10044,I4I,i4i Call 13 Stage 1,Sub Panel Review,,Withdrawn,Complete
II-OL-1116-10044,I4I,i4i Call 13 Stage 1,Sub Panel Review,,Withdrawn,Complete
II-OL-1116-10044,I4I,i4i Call 13 Stage 1,Sub Panel Review,,Withdrawn,Complete
II-OL-1116-10045,I4I,i4i Call 13 Stage 1,Sub Panel Review,4,Reviewed,Complete
II-OL-1116-10045,I4I,i4i Call 13 Stage 1,Sub Panel Review,8,Reviewed,Complete
II-OL-1116-10045,I4I,i4i Call 13 Stage 1,Sub Panel Review,6,Reviewed,Complete
II-OL-1116-10045,I4I,i4i Call 13 Stage 1,Sub Panel Review,5,Reviewed,Complete
II-OL-1116-10046,I4I,i4i Call 13 Stage 1,Sub Panel Review,5,Reviewed,Complete
II-OL-1116-10046,I4I,i4i Call 13 Stage 1,Sub Panel Review,7,Reviewed,Complete
II-OL-1116-10046,I4I,i4i Call 13 Stage 1,Sub Panel Review,5,Reviewed,Complete
II-OL-1116-10046,I4I,i4i Call 13 Stage 1,Sub Panel Review,5,Reviewed,Complete